{"cameraMode":{"drawMode":0,"name":"Shaded","section":"Shading Mode"},"sceneLighting":true,"audioPlay":false,"sceneViewState":{"m_AlwaysRefresh":false,"showFog":true,"showSkybox":true,"showFlares":true,"showImageEffects":true,"showParticleSystems":true,"showVisualEffectGraphs":true,"m_FxEnabled":true},"in2DMode":false,"pivot":{"x":-18.847993850708009,"y":31.08100700378418,"z":23.648534774780275},"rotation":{"x":0.20494771003723145,"y":-0.7921631336212158,"z":0.44309473037719729,"w":0.3663642406463623},"size":45.45420837402344,"orthographic":true}